{
    "scenario": "WORLD_HUMAN_CLIPBOARD",
    "heading": 303.0147399902344,
    "model": "a_m_y_motox_02",
    "z": 16.70491790771484,
    "y": -2144.698486328125,
    "x": -159.39271545410157
}